aa,pca1,pca2,pca3,pca4,pca5,pca6,pca7,pca8
A,-0.6448526486645212,-2.89247319975454,-0.4038115583039438,-1.2475119538869792,1.337621326611231,-0.48531802117294753,-1.6093352187919343,0.16378836499767446
C,0.10266713289912656,-1.7235651143060338,1.2832048844562576,0.1355606275786586,-1.871142295697505,-0.39283716242235944,-0.3066628313148951,0.7890428242093531
D,2.8114391968732497,-1.0181417626138025,-2.5773529046702572,1.6878367322346923,-0.6191277235093833,0.011534166333997564,0.45581610871062195,-0.8020463718456106
E,2.0324526113897807,0.3447351315189798,-4.451428456862408,0.7479324929781621,0.1223774580037142,0.07360235649069528,-0.5116867849115917,-0.43776004025537885
F,-3.9799159625417078,0.24516262152949744,0.11868724167904325,0.9801642883791633,0.7632420495729273,0.6056795249724285,-0.19888843221865501,-0.1723114791362966
G,3.360778859199511,-3.846085774388767,1.6188251631678567,-0.7475126937900363,1.1395039918367218,2.6584802966248957,0.34465818761342865,0.07586241670673871
H,0.8318176577126479,1.9523165072111233,0.4607851948814571,1.5514004146925495,1.0036836531896283,0.5913198674587943,-0.9572849345990432,-0.05148555572674463
I,-3.8318368736895763,-1.0173154719329915,-0.3384897196232949,-1.695350588773738,-0.35540144022855025,0.056036854315253196,0.5768327280634353,-0.4681149809132789
K,2.1007410336907806,3.6439786174654425,0.25802905053592257,-2.083601615726742,0.6423324987948722,-0.4689199118448814,-0.1652385295409768,-0.12443449775842925
L,-3.4454651763729958,-0.9765017501501475,-0.550658469952934,-1.4788429682855286,0.004266461412382383,-0.4225043654518375,0.3502783831431272,-0.24464689855907534
M,-1.6112336940993075,0.06780978271636265,-1.437835556780953,-0.8341736366219334,-0.21394270461408266,-0.3028455305471461,-0.13704755304665855,1.941848460873123
N,2.8285463569316773,-0.3278342788489278,0.2846403337808587,0.7229149228125734,0.09219143093688456,-0.13799774859442715,1.4830085011793634,0.35863428365619965
P,0.9212852872770722,-2.2008763871079893,2.0578959250219175,2.083297507304347,1.5311737581717444,-2.597143646131061,0.4058038025268926,-0.2927175962567196
Q,1.5249350564991824,0.8776622060302535,-1.0350449699694593,-0.1360693039127034,0.3243842637702496,-0.0035405292586377867,1.1155762547781438,0.9075602127816247
R,2.276506001691974,4.993691591863942,1.3002623519763392,-2.3969678940664294,0.3657899935840622,-0.13546982969994328,0.09078559849239125,-0.39426929725245735
S,3.0213746084537805,-1.008755108493833,1.0598998675546154,0.018652541291658824,-1.2736061853100127,-0.07567599988499037,-1.0977911649816743,-0.09725709651064618
T,1.460118520701078,0.020736913426864068,0.6344423011740382,-0.2247682532088605,-1.8471094135200565,-0.4373556352564089,-0.26710706053210603,-0.2796705541681395
V,-3.628882068867484,-1.6251971968453056,-0.06564230332699368,-1.7109159952695767,-0.3609148939746333,0.03869390398608189,0.48804235843725047,-0.9037587257627084
W,-4.259179488927736,2.632349829772304,0.2576531542068033,2.552933999861776,0.5672617083535197,0.6050116345519339,-0.013270394937670434,0.30334580397207556
Y,-1.87129641015653,1.8583028429075694,1.5259384710551345,2.075021376408947,-1.3525839373837136,0.8192497755305601,-0.04648901806944939,-0.27160927305130583
