aa,hydro_kd,vol_zam,polarity_gr,pI,sc_pka,charge_pH7,donors,acceptors,arom,ring_count,rotb,refractivity,bulkiness,cf_alpha,cf_beta,cf_turn,acc_pref,flex,helical_moment,beta_moment,hphob_fr,sc_mass
A,1.8,88.6,8.1,6.0,0.0,0.0,0,0,0,0,0,1.41,11.5,1.42,0.83,0.66,0.35,0.45,0.18,0.1,0.62,15.0
C,2.5,108.5,5.5,5.1,8.3,0.0,0,1,0,0,1,1.76,13.5,0.7,1.19,1.19,0.45,0.46,0.16,0.12,0.66,47.0
D,-3.5,111.1,13.0,2.8,3.9,-1.0,0,1,0,0,2,1.87,13.0,1.01,0.54,1.46,0.8,0.5,0.08,0.09,0.12,59.0
E,-3.5,138.4,12.3,3.2,4.2,-1.0,0,1,0,0,3,2.1,13.6,1.51,0.37,0.74,0.85,0.52,0.04,0.07,0.13,73.0
F,2.8,189.9,5.2,5.5,0.0,0.0,0,0,1,1,2,3.02,19.8,1.13,1.38,0.6,0.3,0.44,0.2,0.08,0.88,91.0
G,-0.4,60.1,9.0,6.0,0.0,0.0,0,0,0,0,0,0.9,3.4,0.57,0.75,1.64,0.6,0.7,0.12,0.12,0.3,1.0
H,-3.2,153.2,10.4,7.6,6.0,0.1,1,1,1,1,2,2.55,13.7,1.0,0.87,0.95,0.65,0.49,0.07,0.1,0.2,82.0
I,4.5,166.7,5.2,6.0,0.0,0.0,0,0,0,0,2,2.66,19.8,1.08,1.6,0.47,0.25,0.45,0.24,0.06,0.85,57.0
K,-3.9,168.6,11.3,9.7,10.5,1.0,2,1,0,0,4,2.93,15.7,1.16,0.74,1.01,0.73,0.53,0.05,0.08,0.12,72.0
L,3.8,166.7,4.9,6.0,0.0,0.0,0,0,0,0,2,2.59,21.4,1.21,1.3,0.59,0.28,0.45,0.23,0.07,0.83,57.0
M,1.9,162.9,5.7,5.7,0.0,0.0,0,1,0,0,3,2.47,16.3,1.45,1.05,0.6,0.4,0.48,0.18,0.1,0.7,75.0
N,-3.5,114.1,11.6,5.4,0.0,0.0,1,1,0,0,2,1.93,12.3,0.67,0.89,1.56,0.7,0.51,0.07,0.12,0.18,58.0
P,-1.6,112.7,8.0,6.3,0.0,0.0,0,0,0,1,0,1.77,17.4,0.57,0.55,1.52,0.55,0.36,0.08,0.15,0.35,42.0
Q,-3.5,143.8,10.5,5.7,0.0,0.0,1,1,0,0,3,2.28,14.5,1.11,1.1,0.98,0.68,0.53,0.06,0.11,0.16,72.0
R,-4.5,173.4,10.5,10.8,12.5,1.0,4,1,0,0,4,3.04,14.3,0.98,0.93,0.95,0.75,0.54,0.05,0.08,0.1,101.0
S,-0.8,89.0,9.2,5.7,13.0,0.0,1,1,0,0,1,1.43,9.2,0.77,0.75,1.43,0.75,0.51,0.11,0.12,0.28,31.0
T,-0.7,116.1,8.6,5.6,13.0,0.0,1,1,0,0,2,1.76,15.7,0.83,1.19,1.21,0.7,0.49,0.12,0.11,0.32,45.0
V,4.2,140.0,5.9,6.0,0.0,0.0,0,0,0,0,1,2.35,21.6,1.06,1.7,0.5,0.27,0.46,0.24,0.06,0.84,43.0
W,-0.9,227.8,5.4,5.9,0.0,0.0,1,1,1,2,2,3.75,21.6,1.08,1.37,0.57,0.25,0.42,0.22,0.07,0.86,130.0
Y,-1.3,193.6,6.2,5.7,10.1,0.0,1,1,1,1,2,3.15,18.0,0.69,1.47,1.14,0.35,0.45,0.19,0.09,0.8,107.0
